tri_side_nm,wavelength_nm,reflectance_R,transmittance_T,R_plus_T,mos2_F2_volume_proxy,mos2_F4_volume_proxy,mos2_max_E_enhancement,mos2_F4_norm_to_min,mos2_F4_norm_to_median,mos2_log10_F4_norm_to_min
340.0,810.0,0.7598342272140165,0.24016577278666965,1.0000000000006861,7928909763317931.0,9.867094045527778e+31,213857742.30558655,12.184497824159704,0.8071948783911693,1.0858076347361239
340.0,812.0,0.8412371308686952,0.1587628691316301,1.0000000000003253,9890501009874252.0,1.8451305277985647e+32,249108415.2612817,22.78481262823489,1.5094412854788306,1.3576454614961175
340.0,814.0,0.7973262906541517,0.20267370934556733,0.9999999999997191,7227073085747470.0,9.205642575733468e+31,199384085.8611031,11.367696650753546,0.7530836845321957,1.0556724758393992
340.0,816.0,0.7375108456383407,0.2624891543615743,0.999999999999915,8316971759520158.0,1.2258070028665743e+32,273937999.4743572,15.13702280565281,1.0027928486790894,1.1800404652418826
340.0,818.0,0.5968353510264633,0.40316464897708,1.0000000000035434,1.3772128737497348e+16,4.207182882654854e+32,470965710.3223975,51.95289559724477,3.4417595085892843,1.7156097579925222
340.0,820.0,0.6905010235222592,0.309498976477735,0.9999999999999942,4566276173770603.0,3.7142171766731707e+31,177469995.38556215,4.5865450251933995,0.3038480294613152,0.6614856612464414
340.0,822.0,0.8008701027644245,0.19912989723642383,1.0000000000008482,8969961341045281.0,1.3778722476141188e+32,186314958.81423146,17.014818471942785,1.1271924806022815,1.2308273200463387
340.0,824.0,0.6303195684571627,0.369680431542937,1.0000000000000997,3921360146333524.0,2.6757738902730583e+31,185404409.286216,3.30421104669136,0.2188963609747067,0.5190677788076299
340.0,826.0,0.7541121655303211,0.2458878344692337,0.9999999999995548,6806873596618963.0,7.5734197648326775e+31,178999886.04184163,9.352127001148494,0.6195568439778059,0.9709103958787065
340.0,828.0,0.7076856670969153,0.2923143329030728,0.999999999999988,7248433788798983.0,7.2499320419611885e+31,172835372.26452437,8.952664359231493,0.5930933652758229,0.9519523028369211
340.0,830.0,0.6490381119784526,0.35096188802154354,0.9999999999999962,1.825502851194254e+16,4.454145105443595e+32,250562422.5662013,55.00253782456592,3.6437912724210317,1.7403827283629283
340.0,832.0,0.6402915244442047,0.35970847555571756,0.9999999999999223,4205073528702646.0,2.9875303187033265e+31,157943882.9445018,3.689187160869384,0.24440014062586893,0.5669306885341856
340.0,834.0,0.6382419156720014,0.36175808432810563,1.000000000000107,3475564515526291.5,2.114571248927892e+31,151284228.9430273,2.611203325184728,0.17298619778550153,0.41684069011775426
340.0,836.0,0.8186214015500467,0.1813785984452933,0.99999999999534,4.437321161179352e+16,2.713069416109556e+33,908485101.9573045,335.0265868030745,22.194738666709593,2.52507927283895
340.0,838.0,0.5533398696075068,0.44666013039254154,1.0000000000000484,7926800597605875.0,9.276478225935407e+31,241051409.13185334,11.455168891493935,0.7588785187343111,1.0590014966771526
340.0,840.0,0.5515419279271421,0.4484580720728766,1.0000000000000187,8729602985764482.0,1.1702908218860223e+32,241649815.6685591,14.451474676444713,0.9573768662747768,1.1599121662043252
340.0,842.0,0.5274007707405913,0.47259922925745906,0.9999999999980504,2.549829023794334e+16,9.637608261067795e+32,401841756.9482796,119.0111458806948,7.884213925983956,2.0755876367522275
340.0,844.0,0.59542422895436,0.40457577104308273,0.9999999999974427,2.5590134187675664e+16,9.042716371311831e+32,490922338.05711406,111.66505299570083,7.3975522154623015,2.0479172763757525
340.0,846.0,0.5086440619838941,0.4913559380142597,0.9999999999981538,8287991279549984.0,8.507711760020315e+31,222720741.86141565,10.50584852543591,0.6959882340058705,1.0214311348031286
340.0,848.0,0.7029762770702047,0.2970237229185066,0.9999999999887113,1.06279920663507e+17,1.48673260216585e+34,891546064.5090494,1835.9093439884348,121.6247596777881,3.2638512322151008
340.0,850.0,0.5929970894513271,0.4070029105482147,0.9999999999995418,3433612348884302.0,1.8969937550992927e+31,126682947.96629632,2.3425251826730253,0.15518689052631573,0.36968426834835305
350.0,810.0,0.8665670978082006,0.13343290219178155,0.9999999999999822,1.277844573933569e+16,2.8861107754500654e+32,281339922.50585127,35.63948037942738,2.3610333758486526,1.551931363434633
350.0,812.0,0.8082859223001815,0.19171407769955925,0.9999999999997408,9496274184047774.0,1.6482880430350606e+32,248233253.67637214,20.354079915810622,1.3484108495493092,1.3086514753463367
350.0,814.0,0.7497070749838614,0.25029292501612815,0.9999999999999896,9376394179866536.0,1.4999948407503e+32,240328394.83883336,18.522863762159687,1.227097002906955,1.2677081324514743
350.0,816.0,0.7443478170803581,0.2556521829196314,0.9999999999999896,6935262640846782.0,8.716963848904e+31,213485702.9925494,10.764245943149763,0.7131064669587753,1.0319836120323123
350.0,818.0,0.7242341024475468,0.27576589755245207,0.9999999999999989,8926227703188789.0,1.4445885916300415e+32,248432079.269181,17.83867313953496,1.1817709521828224,1.2513625479319943
350.0,820.0,0.6825317186945653,0.3174682813055012,1.0000000000000666,5103750548375783.0,4.794923718322135e+31,184823102.36281106,5.921068284475118,0.3922571174296479,0.7724000695940323
350.0,822.0,0.6637184443393244,0.33628155566057133,0.9999999999998956,4567402474990654.0,3.931919764712796e+31,171074112.3643582,4.855377641771634,0.321657570271128,0.6862230141326521
350.0,824.0,0.6372418531553798,0.3627581468446205,1.0000000000000004,4665122279726463.0,3.891189278622202e+31,173724272.2946724,4.805081119121914,0.3183255416500355,0.6817007238026184
350.0,826.0,0.6184815075310954,0.3815184924689921,1.0000000000000875,4082941050855485.0,3.2353591517882934e+31,184198029.44840696,3.9952215275790506,0.26467421157936466,0.6015408651363279
350.0,828.0,0.5954213990727745,0.4045786009271827,0.9999999999999571,3861855701717466.5,2.931730143900237e+31,188939336.6827799,3.620281654816755,0.23983530977429712,0.5587423595868549
350.0,830.0,0.5679208040993857,0.43207919590059013,0.9999999999999758,3745275818515145.5,2.8399684116670996e+31,202130680.29212615,3.5069685940942263,0.23232858084791558,0.5449318766677447
350.0,832.0,0.4987731963744103,0.501226803624734,0.9999999999991444,1.6436914408466302e+16,5.4197294159531456e+32,682151418.3643099,66.92616992552769,4.433704398313902,1.8255959717567656
350.0,834.0,0.45520803177033237,0.5447919682291154,0.9999999999994478,7167390133654056.0,9.517996692154633e+31,281041025.8737581,11.753410827018644,0.7786363590943521,1.0701639166839951
350.0,836.0,0.5763221475859829,0.42367785241423345,1.0000000000002163,1.240814052738017e+16,2.385560904996696e+32,327548592.68286127,29.458381081821287,1.9515498035374583,1.4692088760249153
350.0,838.0,0.3567839158765014,0.6432160841232855,0.9999999999997868,4.513300492390918e+16,2.797220403412476e+33,513868766.8878071,345.41807103300397,22.883150529909223,2.53834505455344
350.0,840.0,0.8407278722525157,0.1592721277482846,1.0000000000008002,2.8067816874885188e+16,1.1834752547552527e+33,351932008.8333481,146.14284205640118,9.681626220782887,2.164777548865299
350.0,842.0,0.6705807768762416,0.3294192231234504,0.999999999999692,7650496885020700.0,9.22109252624591e+31,214745219.30037645,11.386775204939166,0.7543475947440065,1.0564007469941579
350.0,844.0,0.5979349033963366,0.4020650966032832,0.9999999999996199,6587199342549333.0,5.990717096722776e+31,242316973.34042144,7.397707885763914,0.4900810852772597,0.8690971782762766
350.0,846.0,0.590514894487356,0.4094851055128079,1.0000000000001639,4817558144781691.0,3.053908414551846e+31,186937128.2656819,3.771154937877117,0.2498303168012514,0.5764743757582518
350.0,848.0,0.9001584596770956,0.0998415403185923,0.9999999999956879,4.9077274779538584e+16,3.28628395864517e+33,634739943.1115175,405.8106627840622,26.884020443280882,2.608323454051299
350.0,850.0,0.35636148632457726,0.6436385136760978,1.000000000000675,1.1941554724588682e+16,1.9108203426072405e+32,312515628.98158824,23.59599107845807,1.5631799868952427,1.3728382232922802
360.0,810.0,0.8022186728884093,0.1977813271112026,0.9999999999996119,9511898335115098.0,1.530222561118179e+32,243512626.35508958,18.896134343500368,1.2518253180054124,1.2763729679299756
360.0,812.0,0.7792528112145888,0.22074718878436034,0.9999999999989491,8550122304305402.0,1.1340152473018664e+32,218114119.72634682,14.003521451765431,0.9277009983040045,1.1462372610183946
360.0,814.0,0.6634253876182925,0.33657461238122693,0.9999999999995195,1.0270719914926756e+16,1.6694507894061404e+32,263416579.85343283,20.615410593233868,1.365723404192659,1.3141919889845757
360.0,816.0,0.6571546885120775,0.3428453114872881,0.9999999999993656,5851648272126990.0,6.535684602607256e+31,218713671.98011538,8.070667458161708,0.5346631048272753,0.9069094531123659
360.0,818.0,0.6305248682805371,0.36947513171968693,1.000000000000224,5260142569243655.0,5.295245968838127e+31,219163112.4437456,6.5388971350629825,0.43318685381385713,0.8155045054273135
360.0,820.0,0.734259028460901,0.2657409715405337,1.0000000000014346,3.0014934518640776e+16,1.4277201462085788e+33,376967240.8588217,176.3037114546617,11.679714255057688,2.246261454938648
360.0,822.0,0.6076208540133388,0.3923791459866099,0.9999999999999487,4975965763890823.0,4.361628557811338e+31,216973958.36544442,5.3860086290078995,0.35681064932240214,0.7312670448659694
360.0,824.0,0.5663257321235787,0.4336742678765218,1.0000000000001006,4985083114747641.0,4.5141769106370305e+31,238582727.339889,5.5743847673630675,0.3692901340156406,0.7461969422343742
360.0,826.0,0.5157558879485119,0.4842441120437982,0.9999999999923102,6031025941152691.0,6.6920466762708735e+31,293777445.4185317,8.263753014815439,0.5474545776209395,0.9171773286101004
360.0,828.0,0.33651845026915184,0.6634815497958259,1.0000000000649778,5.640619106061549e+16,5.77240744622484e+33,870345363.2892505,712.8125630926604,47.2221882661757,2.852975345397136
360.0,830.0,0.5163720742621519,0.48362792573784763,0.9999999999999996,1.4371039341424444e+16,2.8108400472036373e+32,300846842.71235484,34.70999088605703,2.2994568406976286,1.540454499636965
360.0,832.0,0.8795055017993427,0.12049449818453921,0.9999999999838819,3.6528006135101576e+16,1.8971591284973073e+33,450877030.67522585,234.27293959701709,15.520041918625186,2.369722126998998
360.0,834.0,0.8774578354954943,0.12254216450621157,1.0000000000017057,6.093994254877197e+16,5.066720082340182e+33,502062899.8200225,625.6699240328167,41.44918941519949,2.796345278933855
360.0,836.0,0.7171993031818928,0.2828006968184419,1.0000000000003348,7499542787494408.0,7.7299729116651015e+31,237985873.35238534,9.545448506765398,0.6323639478460851,0.9797963391662631
360.0,838.0,0.9399143008440203,0.06008569916345846,1.0000000000074787,7.1181132940828216e+16,7.627159182040539e+33,687426213.7360684,941.8487756302902,62.3953090951612,2.9739811775471092
360.0,840.0,0.7106106647098536,0.28938933529037963,1.0000000000002331,5717266824353980.0,4.8638664851039065e+31,160690115.19327152,6.006203075728555,0.3978971009943719,0.7786000120416716
360.0,842.0,0.6493183334697464,0.35068166653052474,1.0000000000002711,7737057805830377.0,8.616598032443293e+31,230217381.38556305,10.640308027220021,0.7048958658801985,1.0269542005704568
360.0,844.0,0.5654508700140376,0.4345491299837127,0.9999999999977502,3.381863313411008e+16,1.6184403352175248e+33,520957480.9317012,199.85501964408854,13.239934103611716,2.300715060658929
360.0,846.0,0.9880367199046995,0.01196328010403836,1.000000000008738,5.696588907135926e+17,4.33792818039112e+35,2100653614.524938,53567.419375406884,3548.717985137176,4.728900724625306
360.0,848.0,0.7465680438902407,0.253431956109875,1.0000000000001157,2.377891472893399e+16,7.555130765253936e+32,398680434.58984494,93.29542613633282,6.180606803938022,1.9698603527235294
360.0,850.0,0.7300204053196142,0.2699795946800571,0.9999999999996714,9819340582183974.0,1.3536560640496065e+32,244659748.12055293,16.715782064070513,1.1073820082815942,1.223126700292324
370.0,810.0,0.7595586925479212,0.24044130745212272,1.000000000000044,5815890639867525.0,6.542767345181897e+31,198405199.41953778,8.079413666629124,0.5352425209658905,0.907379844612813
370.0,812.0,0.7407672583706822,0.25923274162945265,1.000000000000135,4915196429086538.0,4.735263807492827e+31,188164299.00870985,5.847396537724235,0.38737653412472656,0.7669625462583665
370.0,814.0,0.7305828902622402,0.26941710973790695,1.0000000000001472,4274280784719961.5,3.614599056219967e+31,182806514.0756485,4.46353041052485,0.2956985949617802,0.6496784980161515
370.0,816.0,0.7324468220638471,0.26755317793606914,0.9999999999999163,3812857508183745.5,2.872114295550915e+31,180796833.23937336,3.5466643191406058,0.23495833107758263,0.5498200857812978
370.0,818.0,0.7617714812701547,0.23822851872937933,0.999999999999534,4420216592494012.5,3.2127607454298706e+31,188372331.92746973,3.967315618115415,0.2628255094398944,0.5984967519622897
370.0,820.0,0.8665879376540659,0.1334120623461026,1.0000000000001685,6548011304677724.0,6.400202477789897e+31,203826974.9308172,7.9033657533808706,0.5235797527520315,0.8978120807623895
370.0,822.0,0.8726696426047376,0.12733035739444498,0.9999999999991825,1.7082636073318582e+16,4.755841533375984e+32,307291648.00846744,58.72807185995407,3.8905993096529388,1.7688457424685584
370.0,824.0,0.5665006059529535,0.43349939404687565,0.9999999999998291,1.034684593086415e+16,1.630076680725769e+32,271937744.40565366,20.129194753665924,1.3335127262348274,1.3038264017622594
370.0,826.0,0.7927741458155605,0.20722585418544198,1.0000000000010025,9473397780476622.0,1.557598010342327e+32,411199650.1538171,19.23418331715762,1.274220282830345,1.2840737509037299
370.0,828.0,0.1404117372139217,0.8595882627802496,0.9999999999941713,2.129821483455437e+16,7.47746467861774e+32,514437186.62026227,92.33635727648077,6.117070703979761,1.965372737380719
370.0,830.0,0.24648436098736046,0.7535156390113127,0.9999999999986732,1.3809757525612708e+16,2.9308540882974877e+32,378728813.5168746,36.191998471906906,2.3976364251416333,1.5586125649086455
370.0,832.0,0.6377116345967607,0.3622883654178967,1.0000000000146574,2.3921003811197896e+16,9.833120117862665e+32,509776572.6569595,121.42544717621578,8.044155818441235,2.084309711534041
370.0,834.0,0.6580565513496468,0.3419434486492553,0.9999999999989021,1.294214715189659e+16,2.5435336959080085e+32,245887793.1073506,31.40912678086298,2.080782206877696,1.4970558625518229
370.0,836.0,0.2370688366943858,0.7629311632835464,0.9999999999779322,6.226309238722685e+16,5.506697282024025e+33,600113415.8848472,680.0010290926439,45.048499815556475,2.8325095699546456
370.0,838.0,0.536225999092735,0.4637740009077292,1.0000000000004643,1.2926960463480506e+16,2.4165583502200984e+32,256068310.0687314,29.841156701610014,1.976907805510574,1.474815653230601
370.0,840.0,0.18057259076146445,0.8194274092404514,1.0000000000019158,8.047362273794035e+16,9.210092767139633e+33,630519979.9664744,1137.319202226367,75.34477402201563,3.0558823717325305
370.0,842.0,0.9864332011697478,0.013566798825244638,0.9999999999949923,1.3678455742975794e+17,2.4577909414706726e+34,885348385.7190022,3035.032223308156,201.0638847625598,3.482163306393362
370.0,844.0,0.6764289897608499,0.3235710102402623,1.0000000000011122,1.2628887140296402e+16,2.290509833505966e+32,279732326.8662898,28.284631679597055,1.873791612788597,1.451550527762302
370.0,846.0,0.7806611435226415,0.21933885647378185,0.9999999999964233,3.2654776268453056e+16,1.4623842249310693e+33,344673370.64704144,180.58424622834337,11.963289811141749,2.256679860736503
370.0,848.0,0.6304369596969716,0.36956304030309867,1.0000000000000702,7881049476580241.0,9.206178835182621e+31,164175108.91535875,11.368358857079059,0.7531275541739411,1.055697774207714
370.0,850.0,0.5718226700047175,0.4281773299951896,0.9999999999999072,4430099190042758.5,3.1973456839029254e+31,131208154.34015597,3.9482801470063214,0.2615644533825363,0.5964079601025886
374.0,810.0,0.7746990637994264,0.22530093620147923,1.0000000000009057,2.059319933361324e+16,6.96005585456426e+32,585672624.9712961,85.94707319568488,5.693795369941909,1.9342310919991494
374.0,812.0,0.708156334054584,0.29184366594635913,1.0000000000009432,6563618900499975.0,6.50146642322127e+31,311726616.6326547,8.028412734496209,0.531863826841194,0.9046296911331618
374.0,814.0,0.7253007043050542,0.27469929569596974,1.000000000001024,3.7977013094572056e+16,2.3537826036858773e+33,582314203.8621817,290.65962968250494,19.25553008590834,2.4633847158996525
374.0,816.0,0.7104325270363836,0.28956747296349733,0.999999999999881,6739515037235607.0,7.859253739245668e+31,193447555.26374394,9.705092466283038,0.6429399919595497,0.9869996775301706
374.0,818.0,0.7035995025571847,0.29640049744319313,1.000000000000378,6593118678984435.0,7.202539657104273e+31,229128336.79492885,8.894141312070252,0.5892163483795885,0.9491040253338283
374.0,820.0,0.862348400422664,0.13765159958134096,1.000000000004005,3.96123710444596e+16,2.4891713846204507e+33,466325082.70018953,307.3782734807835,20.363101677480884,2.487673166869411
374.0,822.0,0.8951896515322807,0.10481034846773944,1.0000000000000202,7931214475680805.0,9.666531065986215e+31,173854143.1651552,11.93683025592174,0.7907874732185998,1.076889018156855
374.0,824.0,0.875097759199082,0.12490224080155558,1.0000000000006375,2.1662068653518628e+16,7.571999627820056e+32,351947387.21604013,93.50373328156176,6.194406671867555,1.9708289510994044
374.0,826.0,0.35915490994915594,0.6408450900514037,1.0000000000005596,2.0982028588668188e+16,6.719965385638453e+32,426986542.4485324,82.98228763396835,5.497385164492124,1.9189854031744988
374.0,828.0,0.4314214323053595,0.5685785676921419,0.9999999999975013,1.0927202518305912e+16,1.7874532542914768e+32,188956441.9494237,22.072577992274258,1.4622573835522146,1.343853060050355
374.0,830.0,0.9450635433795039,0.05493645661573945,0.9999999999952434,8826222904040252.0,1.28346670353507e+32,229842685.36544782,15.849040441336962,1.0499623748378808,1.2000029735791726
374.0,832.0,0.47867690338879926,0.5213230966092871,0.9999999999980864,1.7720620240683966e+16,4.1775762129299975e+32,334287489.9000597,51.587294133248754,3.417539254826775,1.7125427487723641
374.0,834.0,0.4597192568388785,0.5402807431611834,1.0000000000000617,4241778599969755.5,2.6205511940687732e+31,143194521.33957642,3.236018646918874,0.2143787717694782,0.5100110154836955
374.0,836.0,0.415053232430091,0.5849467675697477,0.9999999999998388,5933865996524368.0,5.203125684351653e+31,180986055.17553663,6.425141311848228,0.4256507928935579,0.8078826837980442
374.0,838.0,0.34487506805896473,0.6551249319409835,0.9999999999999483,1.5379425099059188e+16,3.308964729653614e+32,287199068.2121859,40.8611424626683,2.7069564455646677,1.6113105051817997
374.0,840.0,0.9949830976809043,0.005016902321217849,1.000000000002122,7.425767887716498e+16,8.820009344892821e+33,642470798.6589019,1089.1492893049297,72.15362839058587,3.037087412425788
374.0,842.0,0.3102183204285336,0.6897816795728929,1.0000000000014264,8.731656664520944e+16,1.093679708732605e+34,635397952.3230416,1350.5433281463424,89.47038058175151,3.1305085217874593
374.0,844.0,0.8816667838016344,0.11833321619700976,0.9999999999986442,6.3524341405294456e+16,5.364908835421514e+33,472026129.5302592,662.492115007627,43.88857464017558,2.8211807136593268
374.0,846.0,0.6526247077555929,0.34737529224437247,0.9999999999999654,1.3389309607262086e+16,2.5092032793230607e+32,212630350.80133435,30.985193569877335,2.0526976094141043,1.4911542136071112
374.0,848.0,0.6704919733506715,0.32950802664978224,1.0000000000004536,5348121681137442.0,4.836819671693489e+31,421035190.88382816,5.972803998185654,0.3956844891391534,0.7761782632983735
374.0,850.0,0.8064704759865974,0.19352952401473925,1.0000000000013367,7418705169350471.0,9.908475123947521e+31,364598067.9996986,12.235597738444525,0.8105801298551361,1.087625190538406
380.0,810.0,0.6155087307789133,0.3844912692212159,1.0000000000001292,4688904064983543.0,3.6927669298305217e+31,162313321.13276947,4.56005693409221,0.3020932545182852,0.6589702650345491
380.0,812.0,0.6520201228562464,0.34797987714387224,1.0000000000001186,5482311354221235.0,4.442246847889759e+31,189778670.65164036,5.485561078342586,0.3634057694819642,0.7392210550221047
380.0,814.0,0.6484856366899506,0.3515143633105386,1.0000000000004892,5596985015072105.0,4.642629054779622e+31,206233963.08372158,5.733005417332796,0.3797983862317284,0.7583823521560862
380.0,816.0,0.6382955317447686,0.3617044682552607,1.0000000000000293,5511149882495912.0,4.676451365327377e+31,174198868.19484723,5.774771297679701,0.38256527947542635,0.7615347892356139
380.0,818.0,0.6289979244913536,0.3710020755087227,1.0000000000000764,4139279381245010.0,2.9652391649596323e+31,183764435.17726743,3.66166066593229,0.24257657382369627,0.5636780948150745
380.0,820.0,0.626715553869622,0.37328444613032624,0.9999999999999483,4440779668451253.0,3.3131126201174877e+31,201680890.72603485,4.091236317881707,0.27103496998735027,0.6118545659290369
380.0,822.0,0.6099038295127024,0.390096170486726,0.9999999999994285,1.4634013709813208e+16,3.09976844751069e+32,264767619.48747113,38.27785742167078,2.5358197697155322,1.582947620432202
380.0,824.0,0.5235903445355652,0.4764096554643319,0.9999999999998971,1.803649374832703e+16,5.029358324267896e+32,326239629.5637815,62.105626313287935,4.114354502157674,1.7931309458469593
380.0,826.0,0.5571952621178193,0.44280473788190033,0.9999999999997197,4163592168210583.0,2.278429861930091e+31,148662091.27591652,2.8135460721356447,0.18639093808546905,0.4492540311695762
380.0,828.0,0.5453961004881822,0.45460389951236413,1.0000000000005462,4939025569093676.0,3.5118103298391673e+31,173441240.35417014,4.33660053561374,0.28728978350137474,0.6371494191124035
380.0,830.0,0.49411337233182384,0.5058866276686912,1.0000000000005151,1.4943154622466698e+16,3.3662920821151305e+32,342759458.2270069,41.56905605719695,2.753854088462513,1.6187701627355848
380.0,832.0,0.6352082442114835,0.36479175578732187,0.9999999999988054,1.2544746259655318e+16,2.2289260348181757e+32,278023983.7495943,27.524156855243913,1.8234119096426762,1.4397140241479336
380.0,834.0,0.6731446261331687,0.32685537386673885,0.9999999999999076,9129665630185240.0,1.0014463308131481e+32,224124311.66688764,12.366478501678095,0.8192506785545324,1.092246046838408
380.0,836.0,0.9150258820208373,0.08497411797914053,0.9999999999999779,8474050604210308.0,1.1024261620313144e+32,483750456.1889382,13.613439894854874,0.9018589948470611,1.1339678782226092
380.0,838.0,0.9875375431119067,0.01246245687304456,0.9999999999849513,3.741402685455933e+17,2.1526237741415235e+35,2204626634.317796,26581.929361613686,1760.9915113534987,4.424586499582379
380.0,840.0,0.7942966634055891,0.20570333659469084,1.00000000000028,2.0634282909989864e+16,6.137501163761782e+32,339672554.75802386,75.78965927615528,5.020890124943935,1.879609954633891
380.0,842.0,0.6488861202511759,0.35111387974892877,1.0000000000001046,6471273148402612.0,7.48965134315626e+31,222202328.9474525,9.248684574539393,0.6127040217957002,0.9660799681289537
380.0,844.0,0.4911978780637033,0.5088021219361584,0.9999999999998617,1.1585269468851664e+16,2.015786150213348e+32,266326324.43959132,24.892173772660183,1.6490491008561514,1.3960628241396866
380.0,846.0,0.8857641425151793,0.1142358574844403,0.9999999999996196,5.5810222175539544e+16,4.4213232728732106e+33,499686291.6668525,545.9723354177149,36.169407984841435,2.737170637430348
380.0,848.0,0.4086904985210232,0.5913095014805062,1.0000000000015294,3.500336373975905e+17,1.798550344830985e+35,1232669315.8213954,22209.611727748204,1471.3355524712533,4.346540966204017
380.0,850.0,0.6817664108446904,0.31823358915514943,0.9999999999998398,1.2405017899600762e+16,2.2268656240357743e+32,214860070.88053584,27.498713628920935,1.8217263545813154,1.4393123783056054
390.0,810.0,0.6098962511677397,0.39010374883117993,0.9999999999989196,4405944096264097.5,3.750549919681128e+31,173801298.2190278,4.631410942765845,0.30682029302124536,0.665713317434741
390.0,812.0,0.598604280917018,0.4013957190829931,1.000000000000011,4155970791386369.0,2.994461206558738e+31,145230471.43250746,3.6977458497400986,0.2449671340236999,0.56793705829733
390.0,814.0,0.6016249505855229,0.39837504941444224,0.9999999999999651,3669635330354243.5,2.462838103633767e+31,147537936.440823,3.0412647712205048,0.20147677668693606,0.4830542312833804
390.0,816.0,0.6181946674896382,0.38180533251219634,1.0000000000018345,5.31065712106924e+16,4.547077123002157e+33,509486806.9540709,561.5011983859395,37.198159340546454,2.749350687493016
390.0,818.0,0.581387235849171,0.4186127641508273,0.9999999999999982,3652507484594773.5,2.3955511834783576e+31,159033035.88369435,2.9581747217646988,0.19597225255029022,0.4710238216072301
390.0,820.0,0.5659600651309072,0.4340399348712199,1.0000000000021272,3703158203655558.5,2.4732510403711695e+31,158655042.11776376,3.054123309350837,0.2023286251809972,0.48488656758927473
390.0,822.0,0.539664017983851,0.46033598201612674,0.9999999999999778,4157880676373421.5,3.088626608135142e+31,185130331.75122297,3.8140271099900565,0.25267049932288566,0.5813837756730813
390.0,824.0,0.4556303906472563,0.5443696093523432,0.9999999999995995,9244342789693330.0,1.3945264846766217e+32,344017105.90973926,17.220475288747,1.1408167703864232,1.236045133902279
390.0,826.0,0.6461868045501005,0.35381319544762346,0.9999999999977239,1.005247859063629e+16,1.5246011081560676e+32,289016462.0995559,18.82671716649828,1.2472265901335626,1.2747745982551468
390.0,828.0,0.5739132562302719,0.426086743769826,1.000000000000098,9019482890512794.0,1.2189790852696667e+32,194392099.62313044,15.052707457365672,0.9972071513209105,1.1776146213944338
390.0,830.0,0.5457524882788028,0.45424751172213473,1.0000000000009375,1.876343940088967e+16,5.047520061771129e+32,319643170.1754993,62.32989867764369,4.129212029032002,1.794696420911315
390.0,832.0,0.5551747178990571,0.444825282102455,1.0000000000015121,4.370075543377904e+17,2.6436017098979374e+35,1709653412.604833,32644.828491115662,2162.6445951459596,4.513814391256986
390.0,834.0,0.5155273952556941,0.4844726047478778,1.0000000000035718,6.493486509126694e+16,5.113848532190507e+33,615334925.6540967,631.4896364223786,41.83473193835948,2.8003662276047208
390.0,836.0,0.9705960851156838,0.029403914878646728,0.9999999999943305,4.001117805938816e+16,2.246431887592018e+33,485768213.97842854,277.403299494181,18.377328785477207,2.4431116223594502
390.0,838.0,0.9990737125843806,0.0009262874143190965,0.9999999999986997,3.367584774514743e+16,1.5446055764492412e+33,449893225.4492056,190.737447100354,12.63591595145861,2.2804359655813737
390.0,840.0,0.8397859914534945,0.16021400854618298,0.9999999999996775,2.1567678510728484e+16,6.665184143315877e+32,346548247.8103481,82.30581498173218,5.452570411505421,1.9154305196018826
390.0,842.0,0.6952953740559283,0.30470462594410325,1.0000000000000315,1.1677539533294236e+16,2.104607984410345e+32,241973344.77139306,25.989000701153596,1.7217113551351828,1.4147895808354374
390.0,844.0,0.6226027332823482,0.3773972667175562,0.9999999999999043,7350924157579360.0,8.861133130857804e+31,180303910.7550816,10.942275086702214,0.724900487110756,1.0391076286588783
390.0,846.0,0.5810981182030268,0.4189018817972167,1.0000000000002436,5334746159542729.0,4.735822282790899e+31,159100024.17768246,5.848086177553632,0.38742222117283126,0.7670137637720076
390.0,848.0,0.555302608547437,0.44469739145170617,0.9999999999991431,4624774800456618.0,3.1847674212263597e+31,228847620.80339035,3.932747730521066,0.2605354666145238,0.5946960891108745
390.0,850.0,0.8487360397580153,0.1512639602741555,1.0000000000321707,1.6788986037730083e+17,4.529000786182207e+34,1541869421.6453638,5592.690205467986,370.5028270702282,3.7476207632256133
400.0,810.0,0.7383163301749719,0.26168366982492736,0.9999999999998992,1789963416995953.2,8.471472104502768e+30,300965155.04749894,1.046109755805236,0.06930235856308323,0.019577252255876254
400.0,812.0,0.9990198028341978,0.0009801971459277297,0.9999999999801255,6.553425107587232e+16,7.917208294961988e+33,1080333095.6596003,977.6658335095822,64.76810657080918,2.9901904381596163
400.0,814.0,0.7035018791355966,0.2964981208641591,0.9999999999997558,2581163986100537.5,1.420089738908736e+31,255732340.53820607,1.7536146158136163,0.11617292374166999,0.24393415652413689
400.0,816.0,0.681346948015209,0.318653051985027,1.000000000000236,2523156428836415.5,1.319720280993175e+31,253222103.98876694,1.6296722031902624,0.10796202476751256,0.21210025798550808
400.0,818.0,0.6643394187165409,0.33566058128351534,1.0000000000000562,2508115680261419.0,1.2655979289603513e+31,231393490.1710164,1.562838576436574,0.10353445114089042,0.19391412262362306
400.0,820.0,0.6479483688274471,0.35205163117260024,1.0000000000000473,2700091751087442.5,1.361320979475605e+31,220274571.29858777,1.6810433179079167,0.11136524263465478,0.22557890468633962
400.0,822.0,0.6388701456501931,0.3611298543497803,0.9999999999999734,4322216245582952.0,2.665830452519221e+31,233536787.3744972,3.291932274935738,0.21808292066579055,0.5174508918730855
400.0,824.0,0.6081107506305883,0.39188924936929537,0.9999999999998836,4452435099455781.5,3.3911370550376903e+31,216176472.8105422,4.187585714485198,0.2774178952910265,0.6219637095844743
400.0,826.0,0.6526715934587746,0.3473284065744863,1.000000000033261,9.107246284791192e+16,1.2259375624348707e+34,782101752.0618907,1513.863503592901,100.2899655216422,3.1800867190816398
400.0,828.0,0.6641274741891778,0.33587252580958293,0.9999999999987608,4344803358122520.0,5.254042831801431e+31,448038958.5930158,6.488016953800321,0.4298161591558139,0.812111976057031
400.0,830.0,0.5577360378286329,0.44226396217127334,0.9999999999999063,3445304580338420.0,1.8026695953159762e+31,153688038.68434456,2.2260478779729223,0.1474705377344669,0.3475345009312291
400.0,832.0,0.5850801405529762,0.41491985944484167,0.9999999999978179,4.198427300192493e+16,2.626370645656019e+33,591808121.0251596,324.3204865563941,21.48548421803404,2.510974382892466
400.0,834.0,0.40630352753101595,0.593696472468327,0.999999999999343,3.539570050918384e+16,1.637931445084304e+33,426368687.1943655,202.26190240679892,13.399384535380477,2.305914087750307
400.0,836.0,0.9844623182965097,0.015537681703063017,0.9999999999995727,5.0015757118825304e+16,3.503229821822481e+33,512940788.6692207,432.6004793769475,28.658784004232736,2.6360869963574594
400.0,838.0,0.7747857840205353,0.22521421597889704,0.9999999999994323,7916694932666179.0,1.0417921945618411e+32,239465118.28447166,12.864694173679933,0.8522563177345641,1.1093994663907547
400.0,840.0,0.7792578660021385,0.22074213399495135,0.9999999999970899,5163363070501941.0,4.679302266653051e+31,409752403.8488166,5.778291766912009,0.3827985024424179,0.7617994671656271
400.0,842.0,0.35720810213774407,0.6427918978585422,0.9999999999962863,4970108607353414.0,5.064035720912473e+31,454839874.9597301,6.253384424859269,0.4142722952725072,0.7961151276193015
400.0,844.0,0.6242926068502552,0.3757073931499181,1.0000000000001732,2167277886704133.5,8.098071982878996e+30,202261467.36721754,1.0,0.06624769358903283,0.0
400.0,846.0,0.7032047815602452,0.2967952184381241,0.9999999999983693,8584698909901028.0,1.1047840448908572e+32,417269991.2356411,13.642556490317693,0.9037879021416377,1.13489576076066
400.0,848.0,0.8001326663379239,0.19986733366026765,0.9999999999981916,1.2693919785248452e+16,2.7986401545769555e+32,440499882.1461533,34.55933906853213,2.289476505251608,1.538565428204016
400.0,850.0,0.645419877815917,0.3545801221840312,0.9999999999999483,5604592995535552.0,5.669051923084539e+31,282116576.33989286,7.000495840330996,0.46376670340154674,0.8451288018847224
